{"cameraMode":{"drawMode":0,"name":"Shaded","section":"Shading Mode"},"sceneLighting":false,"audioPlay":false,"sceneViewState":{"showFog":true,"showMaterialUpdate":false,"showSkybox":false,"showFlares":true,"showImageEffects":true,"showParticleSystems":true},"in2DMode":false,"pivot":{"x":0.32483386993408205,"y":-0.007397174835205078,"z":-1.1488797664642335},"rotation":{"x":0.23502497375011445,"y":0.746319591999054,"z":-0.33356258273124697,"w":0.5258498787879944},"size":4.9719038009643559,"orthographic":false}